{
    "55087294": 1746012532.1557188,
    "55188822": 1746012537.492494
}